time,weighted mean,standard mean,weighted mean (5 years rolling ave.),standard mean (5 years rolling ave.)
1948-01-01,-0.3444167,-0.23168258,,
1948-02-01,-0.5339019,-0.66267085,,
1948-03-01,-0.70699143,-0.9237341,,
1948-04-01,-0.6188395,-1.0644541,,
1948-05-01,-0.40712422,-0.5642095,,
1948-06-01,-0.4947585,-0.8717262,,
1948-07-01,-0.66202474,-1.1072301,,
1948-08-01,-0.4743219,-0.62973875,,
1948-09-01,-0.5120076,-0.8903829,,
1948-10-01,-0.36622843,-0.41438383,,
1948-11-01,-0.3571143,-0.20264018,,
1948-12-01,-0.4624759,-0.8323727,,
1949-01-01,-0.12630205,-0.18325806,,
1949-02-01,-0.30667973,-0.028203724,,
1949-03-01,-0.53146875,-0.69834334,,
1949-04-01,-0.6420528,-1.1054643,,
1949-05-01,-0.5809044,-0.8995139,,
1949-06-01,-0.5775471,-0.7846241,,
1949-07-01,-0.54125714,-0.8474485,,
1949-08-01,-0.64407,-1.0459628,,
1949-09-01,-0.59404886,-0.8593107,,
1949-10-01,-0.5434137,-0.9385845,,
1949-11-01,-0.4344301,-0.22972772,,
1949-12-01,-0.3558016,0.161016,,
1950-01-01,-0.4285743,-0.2349808,,
1950-02-01,-0.5860773,-1.0775511,,
1950-03-01,-0.46704692,-0.36647922,,
1950-04-01,-0.61560446,-0.6382193,,
1950-05-01,-0.5748771,-0.754951,,
1950-06-01,-0.56360894,-0.78021157,,
1950-07-01,-0.44784868,-0.5449335,-0.46680768877267836,-0.661693652983134
1950-08-01,-0.7510197,-1.1346538,-0.46469370399912197,-0.6605642711278051
1950-09-01,-0.68188304,-1.3540442,-0.458697530378898,-0.6550329441980769
1950-10-01,-0.676199,-1.1443647,-0.45204518710573516,-0.653447216268008
1950-11-01,-0.70117605,-0.93027776,-0.4444836534559727,-0.6398517663435389
1950-12-01,-0.4657319,-0.57131505,-0.4417273690303167,-0.6339923337257157
1951-01-01,-0.5949926,-0.9304798,-0.43747304926315944,-0.6294254347837219
1951-02-01,-0.8153012,-1.2534081,-0.43015925685564677,-0.6160634964859734
1951-03-01,-0.61895436,-0.828252,-0.42919382005929946,-0.617605397120739
1951-04-01,-0.5374066,-0.5377829,-0.4289275894562403,-0.6230976392980665
1951-05-01,-0.40087688,-0.4456067,-0.42909038861592613,-0.6301128516749789
1951-06-01,-0.399991,-0.6101127,-0.4277306795120239,-0.629473872995004
1951-07-01,-0.3602585,-0.466467,-0.42168336659669875,-0.615282618176813
1951-08-01,-0.45122498,-0.9772056,-0.4248995788395405,-0.615381556423381
1951-09-01,-0.26241484,-0.5326268,-0.4269005186855793,-0.628218173685794
1951-10-01,-0.38880566,-0.92222196,-0.4267642227311929,-0.6337524162760625
1951-11-01,-0.31515145,-0.8048912,-0.42587353760997454,-0.6293290403516342
1951-12-01,-0.057870768,-0.010211962,-0.42630860085288685,-0.628311057590569
1952-01-01,-0.08562646,0.2215589,-0.4278437274197737,-0.6311454491845022
1952-02-01,-0.1520756,-0.09315516,-0.42982088203231494,-0.6325620558888961
1952-03-01,-0.41843617,-0.9849727,-0.4298229125638803,-0.6293190873693675
1952-04-01,-0.43350807,-0.7125663,-0.4316475031276544,-0.6352533784539749
1952-05-01,-0.29388532,-0.30811703,-0.4326575455566247,-0.6342887766193599
1952-06-01,-0.2853408,-0.5929532,-0.43294945086042086,-0.6406544399292519
1952-07-01,-0.40376964,-0.6354736,-0.4343513461450736,-0.6457359253894538
1952-08-01,-0.50572515,-0.8338137,-0.4298971496522427,-0.6394546187948436
1952-09-01,-0.42340177,-0.7314096,-0.42975191300113996,-0.6369386501144618
1952-10-01,-0.41445142,-0.9879653,-0.4336019498606523,-0.6466217683783422
1952-11-01,-0.39518654,-0.40143737,-0.435008296618859,-0.6538748062681407
1952-12-01,-0.21597686,0.0645863,-0.4358493261039257,-0.658215903940921
1953-01-01,-0.21757762,-0.16391967,-0.43742855116724966,-0.6620808499089131
1953-02-01,-0.17413145,-0.33079123,-0.4405340058108171,-0.6698808816106369
1953-03-01,-0.30785084,-0.82859045,-0.43788733209172886,-0.6646312829883149
1953-04-01,-0.16514748,-0.24872708,-0.4357368600865205,-0.657160540126885
1953-05-01,-0.24174716,-0.21264356,-0.43238730107744533,-0.6485507336289932
1953-06-01,-0.2394993,-0.5977123,-0.4308116155366103,-0.6498326497307668
1953-07-01,-0.22319719,-0.30551377,-0.43151885494589803,-0.6440422671070943
1953-08-01,-0.4163957,-0.7222528,-0.428569486985604,-0.6290247816437234
1953-09-01,-0.49603376,-1.2199174,-0.42633018220464386,-0.6187606373025726
1953-10-01,-0.37599638,-0.8352966,-0.4276830298205217,-0.6276781746341537
1953-11-01,-0.27553174,-0.16430146,-0.4306812100112438,-0.6354444631530592
1953-12-01,-0.09963712,0.019102564,-0.4354651443660259,-0.6434664585782836
1954-01-01,-0.31927478,-0.18919435,-0.4406973915795485,-0.6492218612227589
1954-02-01,-0.42673612,-0.79840076,-0.44644988303383193,-0.6579129500780254
1954-03-01,-0.523291,-1.0303979,-0.45215771223107976,-0.6625475281073402
1954-04-01,-0.5886117,-0.8400618,-0.46062891160448394,-0.6746735039943208
1954-05-01,-0.6070082,-0.83843493,-0.4672449293235938,-0.6838856094672034
1954-06-01,-0.66965467,-0.9546876,-0.4698336638510227,-0.6779704435262829
1954-07-01,-0.6598864,-0.93244493,-0.4734417914102475,-0.6705836932485302
1954-08-01,-0.64419186,-0.8513847,-0.4768057050804297,-0.6735274338473877
1954-09-01,-0.7035243,-1.2153682,-0.4806210820873578,-0.6796360528717439
1954-10-01,-0.60401624,-0.8807084,-0.4820544943213463,-0.6723821278661489
1954-11-01,-0.4519444,-0.6116675,-0.4818382446964582,-0.6711326893419027
1954-12-01,-0.43991533,-0.14387313,-0.48221986144781115,-0.6732074927538634
1955-01-01,-0.1613225,0.14189759,-0.48105160767833394,-0.6692241918295622
1955-02-01,-0.5773631,-0.926593,-0.48173262750109036,-0.6711093099166949
1955-03-01,-0.6980491,-0.9474663,-0.4806318881611029,-0.6706055900702874
1955-04-01,-0.69998527,-1.0734016,-0.4804248260955016,-0.676697334771355
1955-05-01,-0.62533885,-1.0154169,-0.4788794510066509,-0.6688206336150567
1955-06-01,-0.65836245,-1.0121083,-0.47512389793992044,-0.6683242843796809
1955-07-01,-0.63417596,-1.0129354,-0.4719477189394335,-0.6724334978808959
1955-08-01,-0.5922193,-0.8196779,-0.4672550533277293,-0.6631792149196069
1955-09-01,-0.5528547,-0.9057996,-0.4663145266783734,-0.6628906688342492
1955-10-01,-0.47522548,-0.6277763,-0.46613135216757656,-0.6570196575174729
1955-11-01,-0.6066349,-1.0071927,-0.47003517774865033,-0.6702916707843543
1955-12-01,-0.50816625,-0.2238921,-0.4718453958941003,-0.679147285843889
1956-01-01,-0.4180305,-0.029430697,-0.4757820303551853,-0.6847464587539435
1956-02-01,-0.6809429,-0.6375594,-0.4788097724628945,-0.6918052177876234
1956-03-01,-0.7001252,-1.3633043,-0.4802218179218471,-0.695814273878932
1956-04-01,-0.71729743,-1.0037602,-0.48097159319246807,-0.6928358496477206
1956-05-01,-0.68791294,-0.92692643,-0.4808331609082719,-0.6938855510205031
1956-06-01,-0.71392584,-0.9554369,-0.4805214663657049,-0.7010310253749291
1956-07-01,-0.705408,-0.9879323,-0.48021631690983974,-0.7046959998396536
1956-08-01,-0.79369473,-1.2552803,-0.4766818408233424,-0.7043961171992124
1956-09-01,-0.7706868,-1.2601854,-0.47320735693598787,-0.6978435963081817
1956-10-01,-0.7857667,-1.4749483,-0.46872921974087756,-0.690646536120524
1956-11-01,-0.47047552,-0.44998127,-0.4641594210329155,-0.6842040980545183
1956-12-01,-0.27435842,0.43299305,-0.4604291423223913,-0.680137301950405
1957-01-01,-0.28746128,0.044934463,-0.4556854227247337,-0.6761179720051587
1957-02-01,-0.38099822,-0.4596723,-0.4519167625966171,-0.6741767510461311
1957-03-01,-0.5044409,-0.5497372,-0.45087221106514336,-0.6774191473610699
1957-04-01,-0.4205331,-0.6376,-0.44820966065550844,-0.6767658446915448
1957-05-01,-0.31678233,-0.43260524,-0.44591520270332696,-0.678371287851284
1957-06-01,-0.21524556,-0.35395515,-0.4447888502540688,-0.6749543701298535
1957-07-01,-0.44463083,-0.7485807,-0.4406858095588783,-0.6775537023631235
1957-08-01,-0.43968078,-0.80359054,-0.4411052804750701,-0.6802760627431174
1957-09-01,-0.41097805,-1.0969143,-0.43511735564097764,-0.6720788276754319
1957-10-01,-0.32172891,-0.5153632,-0.4361151294472317,-0.6803611404262483
1957-11-01,-0.16985336,-0.37165642,-0.4350983934166531,-0.6814101722401877
1957-12-01,-0.025406124,-0.18196651,-0.43451086844628056,-0.677169308718294
1958-01-01,0.063982315,0.3913373,-0.43166932876532277,-0.6734237091305355
1958-02-01,-0.117699854,-0.31347847,-0.43086020067955055,-0.6728510157826046
1958-03-01,-0.29686037,-0.47632977,-0.43151219602053364,-0.6761321352484325
1958-04-01,-0.39937702,-1.0450479,-0.43102936958894134,-0.6766525563163062
1958-05-01,-0.35036024,-0.74398047,-0.4310553050599992,-0.6819322304489712
1958-06-01,-0.47569737,-0.93366265,-0.4285583209556838,-0.6809239771527549
1958-07-01,-0.40486172,-0.7290393,-0.4215951845360299,-0.6788820783607662
1958-08-01,-0.5011184,-0.96279615,-0.41870726499085625,-0.6846231071899335
1958-09-01,-0.5410203,-1.041212,-0.4126979853026569,-0.6837288328756889
1958-10-01,-0.36769044,-0.89827865,-0.409358228277415,-0.6750389753530422
1958-11-01,-0.25683007,-0.5930299,-0.4052794918728371,-0.6700158286839724
1958-12-01,-0.08132815,-0.2007959,-0.40099753690883516,-0.6684831210722526
1959-01-01,-0.10720622,-0.1712014,-0.39596666895474,-0.6602767386784156
1959-02-01,-0.21826708,-0.4052495,-0.392628973753502,-0.6543914972494046
1959-03-01,-0.25460276,-0.5985743,-0.3892393708539506,-0.6465761421869198
1959-04-01,-0.3144238,-0.4535155,-0.3852626900188625,-0.6395939150204261
1959-05-01,-0.3831915,-0.59442717,-0.38008261524761716,-0.6263973016291857
1959-06-01,-0.3850315,-0.7135278,-0.37810790790244936,-0.6296894320597252
1959-07-01,-0.4337668,-0.8159717,-0.37907849603022137,-0.6501937249054511
1959-08-01,-0.58151877,-1.0459285,-0.3790550187540551,-0.659456291856865
1959-09-01,-0.54377127,-1.17617,-0.37794119122748576,-0.6596117581551274
1959-10-01,-0.46634877,-0.977035,-0.37584672623003523,-0.6552061265334487
1959-11-01,-0.38436326,-0.40665245,-0.37851226134225724,-0.6602575675273935
1959-12-01,-0.19373289,-0.29983306,-0.38290675831958654,-0.6702006221438448
1960-01-01,-0.18649076,-0.021444034,-0.3894040805908541,-0.6760018706942598
1960-02-01,-0.21808758,-0.4347589,-0.39261800327027835,-0.6785298407698671
1960-03-01,-0.75791556,-1.4444051,-0.39621106314783294,-0.6815206568067272
1960-04-01,-0.6389811,-1.1363435,-0.39966075100625553,-0.6856574039285381
1960-05-01,-0.59008735,-0.76096505,-0.40288896588608625,-0.6957964003706972
1960-06-01,-0.48787007,-0.78737235,-0.40558988926932216,-0.6963435079281529
1960-07-01,-0.5856283,-0.9785738,-0.41033472840984664,-0.7038777620221178
1960-08-01,-0.631339,-1.016545,-0.4173632595688105,-0.7227902308727304
1960-09-01,-0.52388513,-0.9370249,-0.42151090254386264,-0.7296186552072564
1960-10-01,-0.4767816,-0.9445568,-0.42818494935830437,-0.7441205194219946
1960-11-01,-0.45681587,-0.94669753,-0.4326725895206133,-0.7477917284394304
1960-12-01,-0.09037807,-0.101378165,-0.436859996120135,-0.7494169136509299
1961-01-01,-0.24475533,-0.37389243,-0.4391799415151278,-0.7483234346533815
1961-02-01,-0.3203861,-0.58390296,-0.43999839027722676,-0.745913338723282
1961-03-01,-0.4997398,-0.8419128,-0.44074008663495384,-0.7427948117877047
1961-04-01,-0.47257325,-0.7023714,-0.4397807111342748,-0.7426759323105216
1961-05-01,-0.43099564,-0.834964,-0.4408551052212715,-0.7488770336533587
1961-06-01,-0.41207376,-0.46305394,-0.4417493184407552,-0.7504056374852855
1961-07-01,-0.50514627,-0.63481784,-0.444260752449433,-0.7506797701741258
1961-08-01,-0.59031856,-0.78635895,-0.44748228626946607,-0.7603551599507531
1961-09-01,-0.53208596,-0.84125173,-0.4500434074550867,-0.7640378920361399
1961-10-01,-0.47496223,-0.6831515,-0.45690957891444367,-0.7740151731297373
1961-11-01,-0.35199308,-0.6475091,-0.46480255015194416,-0.7911963018899163
1961-12-01,-0.3325937,-0.7972645,-0.46990728614230953,-0.804873874100546
1962-01-01,-0.28605264,-0.51081955,-0.4732803621639808,-0.8037593437358737
1962-02-01,-0.31416857,-0.46900028,-0.47575285074611506,-0.8004984888558586
1962-03-01,-0.378773,-0.28539932,-0.4795834753662348,-0.8012459609036644
1962-04-01,-0.5804652,-0.94068646,-0.4859276437511047,-0.8099985850974918
1962-05-01,-0.58045214,-1.0291885,-0.49247383313874404,-0.8181096378092965
1962-06-01,-0.6050849,-0.70203006,-0.496109713986516,-0.8252556108559171
1962-07-01,-0.6374662,-0.9002589,-0.503364588196079,-0.83243993849804
1962-08-01,-0.6552644,-0.9830395,-0.5073179673403502,-0.8403079555680354
1962-09-01,-0.6179593,-1.3451191,-0.5123298532019059,-0.8418708400179943
1962-10-01,-0.5154218,-1.123703,-0.5094606723636389,-0.8313577151546876
1962-11-01,-0.33190876,-0.40448287,-0.5113124913225572,-0.8300783769538005
1962-12-01,-0.31009647,-0.63402176,-0.5109816487878561,-0.8325055913378795
1963-01-01,-0.35772955,-0.7434108,-0.5143306306252877,-0.8361299987882376
1963-02-01,-0.36655843,-0.72318393,-0.5162546596179406,-0.8368119037399689
1963-03-01,-0.6973032,-1.3464416,-0.518023815875252,-0.8360795553773641
1963-04-01,-0.6686354,-1.2653204,-0.522005457803607,-0.8435705707718929
1963-05-01,-0.60160464,-0.8414916,-0.5221338730305434,-0.8461135900268952
1963-06-01,-0.6148941,-0.8680539,-0.520002173508207,-0.8351872927198808
1963-07-01,-0.45396864,-0.58443356,-0.5228540249168873,-0.8410549494127433
1963-08-01,-0.5456202,-0.77568454,-0.5253120101988316,-0.8500494721035162
1963-09-01,-0.48345774,-1.0340792,-0.5268793024122715,-0.8513112030923367
1963-10-01,-0.4321541,-1.2703447,-0.5263616380592188,-0.8497916998962561
1963-11-01,-0.31048286,-0.68474615,-0.5284381660322348,-0.8564326100051403
1963-12-01,-0.2320142,-0.21724387,-0.5307147167623043,-0.8594884298741817
1964-01-01,-0.30049825,-0.7517248,-0.5328452942272027,-0.8693350397050381
1964-02-01,-0.37193435,-0.62621343,-0.5335740941266219,-0.8746739300588767
1964-03-01,-0.66657305,-1.1972111,-0.5351011671125889,-0.8804796072343986
1964-04-01,-0.7880021,-1.4843832,-0.5354590641955534,-0.8838083418707053
1964-05-01,-0.68947566,-1.4150815,-0.5379879790047805,-0.8970805875957012
1964-06-01,-0.58741605,-0.646656,-0.5376023071507613,-0.8956117652356624
1964-07-01,-0.5821161,-0.6203204,-0.5356110865871112,-0.8835841833303372
1964-08-01,-0.81135625,-1.0907768,-0.5364645794034004,-0.8805701453238726
1964-09-01,-0.92442137,-1.7013274,-0.5415397201975186,-0.8892206806689501
1964-10-01,-0.85912013,-1.4636981,-0.5432469998796781,-0.893983830884099
1964-11-01,-0.6025161,-0.83541083,-0.5423731282353401,-0.8911508946369092
1964-12-01,-0.62902534,-0.7308927,-0.5382527713974317,-0.8826793897897005
1965-01-01,-0.4236935,-0.49352506,-0.5365553771456083,-0.8826613107075294
1965-02-01,-0.51880074,-0.52853197,-0.5332075079282125,-0.877137732381622
1965-03-01,-0.5857647,-0.8136176,-0.5320458471775055,-0.8758220979322989
1965-04-01,-0.75009024,-1.0595832,-0.5301270107428233,-0.8660031605511904
1965-05-01,-0.5702368,-0.9065979,-0.5275348866979281,-0.8618748385459185
1965-06-01,-0.688809,-1.0048368,-0.5278442357977231,-0.8650927428156138
1965-07-01,-0.70107,-1.0194881,-0.5270743032296499,-0.8562292984376351
1965-08-01,-0.7374884,-0.97260416,-0.530248632033666,-0.853554705902934
1965-09-01,-0.76278365,-1.3864858,-0.5341118653615315,-0.8535758357495069
1965-10-01,-0.48448652,-1.0971379,-0.5278028279542923,-0.8373263405015071
1965-11-01,-0.3289139,-0.2911197,-0.5250721683104833,-0.8270948813607295
1965-12-01,-0.26148915,-0.45343757,-0.5238834649324418,-0.825379517301917
1966-01-01,-0.39223444,-0.9135638,-0.5226340691248575,-0.8241439666599035
1966-02-01,-0.41442364,-0.6596068,-0.5249525080124537,-0.8325868354489406
1966-03-01,-0.46867993,-0.7507426,-0.5249488880236943,-0.8370225962251425
1966-04-01,-0.5971649,-1.100826,-0.5258126606543859,-0.8409858242919047
1966-05-01,-0.5675887,-1.0183132,-0.523688413699468,-0.8292049910873175
1966-06-01,-0.5399084,-1.0538505,-0.5240334118405978,-0.8318422055492799
1966-07-01,-0.54887426,-0.95515126,-0.5258957413335641,-0.8411754870166381
1966-08-01,-0.68194294,-1.1346996,-0.5266960891584556,-0.8371649288882812
1966-09-01,-0.5535598,-1.0409758,-0.5274513038496177,-0.8379190259923538
1966-10-01,-0.6266971,-1.4794862,-0.5225031403203805,-0.8375080320984125
1966-11-01,-0.32885277,-0.55937976,-0.5157256570955118,-0.8294989102830489
1966-12-01,-0.21312048,-0.0756096,-0.509725434333086,-0.820288892959555
1967-01-01,-0.3372622,-0.32997727,-0.5069464402894179,-0.8228950673093398
1967-02-01,-0.618677,-0.9880324,-0.5040032414098581,-0.8280269407977661
1967-03-01,-0.48120978,-0.57118833,-0.4990581291417281,-0.8279460115979115
1967-04-01,-0.5280329,-0.7707103,-0.4900352942446868,-0.8136566712210576
1967-05-01,-0.33323073,-0.5208982,-0.48176021402080854,-0.79954231120646
1967-06-01,-0.50324124,-0.7009453,-0.47407828842600186,-0.7941554917643467
1967-07-01,-0.43659404,-0.5688442,-0.4629276629537344,-0.779288237914443
1967-08-01,-0.58556473,-0.90410143,-0.45819185537596546,-0.773615238443017
1967-09-01,-0.50282913,-0.7559829,-0.4516094205280145,-0.7697177145630121
1967-10-01,-0.35989437,-0.8760037,-0.4476090036332607,-0.7661197020361821
1967-11-01,-0.3504697,-0.5975571,-0.4404586839179198,-0.7633258376270533
1967-12-01,-0.26390052,-0.1022151,-0.43851050610343617,-0.7650540872166555
1968-01-01,-0.5481893,-0.5829353,-0.4337550667424997,-0.7615616414695978
1968-02-01,-0.59835243,-0.7244517,-0.4296400102476279,-0.7596861097961665
1968-03-01,-0.31876093,-0.3714719,-0.42808862353364624,-0.7637576891730229
1968-04-01,-0.50479585,-0.6514329,-0.42230776126186054,-0.7527391685793797
1968-05-01,-0.53028244,-0.73856974,-0.4204805222650369,-0.7448619200537602
1968-06-01,-0.53993034,-0.7939209,-0.41935289030273754,-0.7487088346232971
1968-07-01,-0.593075,-1.0910057,-0.42094913547237717,-0.748475848014156
1968-08-01,-0.545403,-1.0418302,-0.42013230895002684,-0.742069932197531
1968-09-01,-0.5352841,-1.2718729,-0.4231548475722472,-0.7365131898472707
1968-10-01,-0.30469927,-0.56349474,-0.42541658207774163,-0.736625467116634
1968-11-01,-0.33118275,-0.842979,-0.4251997205118338,-0.7299130522956451
1968-12-01,-0.34375396,-0.77724075,-0.42501998469233515,-0.7234040283908446
1969-01-01,-0.34851912,-0.5110913,-0.4269456538061301,-0.7210161471118529
1969-02-01,-0.41724724,-0.67145926,-0.4283698531488577,-0.7194013639042774
1969-03-01,-0.36968324,-1.1725515,-0.4264279069999854,-0.7124718798945348
1969-04-01,-0.38135308,-1.0038359,-0.4264286470909913,-0.7110277129958074
1969-05-01,-0.3294623,-0.86248046,-0.4246890418231487,-0.7018110457807779
1969-06-01,-0.4206764,-0.80302644,-0.42618874584635097,-0.7036054704338313
1969-07-01,-0.4055242,-0.9282328,-0.42907334317763646,-0.7083171275754769
1969-08-01,-0.5146495,-1.085921,-0.4325247968236605,-0.7079566545784474
1969-09-01,-0.38305128,-0.843967,-0.4331727926929792,-0.7041212894022465
1969-10-01,-0.36261532,-0.61683655,-0.43373314340909325,-0.7046391007800897
1969-11-01,-0.14160058,-0.51220167,-0.4328679780165354,-0.707298219949007
1969-12-01,0.04001219,0.16114251,-0.4347272942463557,-0.7137287763257821
1970-01-01,-0.13954505,-0.15314509,-0.43208526174227396,-0.7107926803330581
1970-02-01,-0.123854645,-0.29468054,-0.43068458288908007,-0.7110789882640044
1970-03-01,-0.3457397,-0.59773684,-0.427101764579614,-0.7053700096905231
1970-04-01,-0.32107106,-0.8919513,-0.42516726404428484,-0.7048268564045429
1970-05-01,-0.45334613,-1.0102929,-0.42442282537619275,-0.6983115541438262
1970-06-01,-0.40348262,-0.79529005,-0.4237446263432503,-0.6986068067451318
1970-07-01,-0.45416662,-0.9069562,-0.41946790725924077,-0.7000811298688253
1970-08-01,-0.6444052,-1.2168989,-0.4097176171063135,-0.6894780761872729
1970-09-01,-0.4159319,-0.7253746,-0.40049997572787105,-0.6865965323522687
1970-10-01,-0.37485218,-0.624503,-0.39941896304177743,-0.6926827641204
1970-11-01,-0.26125598,-0.52193457,-0.39581120614893733,-0.6920929046347737
1970-12-01,-0.35726386,-0.43945837,-0.39083948140032587,-0.6874168477331598
1971-01-01,-0.34322485,-0.52920884,-0.3864003489880512,-0.6827990325167775
1971-02-01,-0.59577596,-0.32620227,-0.3823886077074955,-0.6757360301290949
1971-03-01,-0.604384,-0.75747925,-0.38115186844952403,-0.6740789733206233
1971-04-01,-0.58415323,-0.69808114,-0.37858686700152855,-0.6690377267077565
1971-05-01,-0.55680454,-0.62777174,-0.3804132710366199,-0.673610001988709
1971-06-01,-0.65544856,-0.91057765,-0.37907632047620915,-0.6631651656702161
1971-07-01,-0.6343262,-0.85826427,-0.3783891211419056,-0.6588411655897896
1971-08-01,-0.5654262,-0.71893054,-0.3805057640342663,-0.6507255398047467
1971-09-01,-0.5536042,-0.9543258,-0.3859941001205395,-0.6548489523741107
1971-10-01,-0.5223208,-0.9264862,-0.3887618254094074,-0.6475525938284894
1971-11-01,-0.418835,-0.66704524,-0.39224592253255347,-0.648323979259779
1971-12-01,-0.38619632,-0.35830903,-0.3980364869503925,-0.6523361695619921
1972-01-01,-0.54434943,-0.3083489,-0.4004607479243229,-0.6537660611482958
1972-02-01,-0.6575568,-0.7579105,-0.40251704161055385,-0.6535022629114489
1972-03-01,-0.5148308,-0.602257,-0.40168089920965333,-0.6446652315867444
1972-04-01,-0.47612298,-0.93025744,-0.4064547583926469,-0.6491953683706622
1972-05-01,-0.4447897,-0.9067316,-0.40906269853003324,-0.651498038849483
1972-06-01,-0.3447193,-0.52477956,-0.41360423867590723,-0.6550046089105308
1972-07-01,-0.3525533,-0.5860227,-0.42120050854670504,-0.6651216666214168
1972-08-01,-0.37059563,-0.5615627,-0.4245366629678756,-0.6716317343525589
1972-09-01,-0.3867591,-0.7233937,-0.4294588387478143,-0.6722578960470855
1972-10-01,-0.31522804,-0.48508555,-0.43069972748247287,-0.6699890094809234
1972-11-01,-0.30977777,-0.6152723,-0.4330572695005685,-0.6684058902474741
1972-12-01,-0.0072973734,-0.19067448,-0.4324040125279377,-0.662538121920079
1973-01-01,0.036828127,0.053247947,-0.43470931256500384,-0.6626970110150675
1973-02-01,-0.04529395,-0.5515591,-0.4355247324177374,-0.6600301293345789
1973-03-01,-0.25390017,-0.7366458,-0.43837670936870077,-0.6630004294527073
1973-04-01,-0.28833044,-0.6160413,-0.4431561997005095,-0.6732793497852981
1973-05-01,-0.23197895,-0.45800632,-0.4471655816305429,-0.6800155766618748
1973-06-01,-0.2735824,-0.51685196,-0.4511240199673921,-0.6842752812119822
1973-07-01,-0.3523705,-0.66722554,-0.45354784483400484,-0.6831633530867597
1973-08-01,-0.47119865,-0.9424068,-0.45527782742865386,-0.6770374377879004
1973-09-01,-0.38138402,-0.9693981,-0.45479278767791886,-0.6740948327196141
1973-10-01,-0.4142835,-0.83783126,-0.4575448811519891,-0.6716260828388234
1973-11-01,-0.2509657,-0.21628883,-0.459331770784532,-0.6778197544626892
1973-12-01,-0.302522,-0.51780075,-0.4645677596796304,-0.6933149434936543
1974-01-01,-0.4755177,-0.024153745,-0.46399048472133775,-0.6915934391630193
1974-02-01,-0.7465474,-0.918864,-0.46319302623160186,-0.6915308006418248
1974-03-01,-0.53574675,-0.73477,-0.46601752544132374,-0.6989000795098642
1974-04-01,-0.5903989,-1.050119,-0.4655965199538817,-0.6993822343957921
1974-05-01,-0.67689615,-1.1032119,-0.46895800237543883,-0.7093778667661051
1974-06-01,-0.56613207,-0.88881993,-0.4679672658909112,-0.7107772884579996
1974-07-01,-0.5289018,-0.9124049,-0.464436298655346,-0.7060996829532087
1974-08-01,-0.46448097,-0.55569917,-0.45841244265126685,-0.6927661939524115
1974-09-01,-0.6694828,-1.1157752,-0.4518332129189124,-0.6904665046992401
1974-10-01,-0.5190917,-0.7549968,-0.44802817259915173,-0.6950156613253057
1974-11-01,-0.414093,-0.7225959,-0.44399428769635657,-0.6898237252297501
1974-12-01,-0.415764,-0.44588095,-0.44016033962058526,-0.6780952770573397
1975-01-01,-0.33971432,-0.54374915,-0.43853782817410925,-0.675826907561471
1975-02-01,-0.4191852,-0.33225024,-0.4379445836413652,-0.6735017974240084
1975-03-01,-0.42019302,-0.46160364,-0.43705273275263606,-0.6709239829642077
1975-04-01,-0.46252358,-0.79696417,-0.436770921992138,-0.6752333342097699
1975-05-01,-0.4141507,-0.6582268,-0.43762505357153714,-0.6820888250134886
1975-06-01,-0.5418006,-0.8048234,-0.4325811561041822,-0.677658756977568
1975-07-01,-0.5030918,-0.7469433,-0.43407139256596566,-0.6811090463461975
1975-08-01,-0.8155238,-1.3951169,-0.43769399418185156,-0.6882430774159729
1975-09-01,-0.70270133,-1.3421098,-0.4409831680978338,-0.6858614327696463
1975-10-01,-0.6154151,-1.0286766,-0.4416070523982247,-0.6813424192058544
1975-11-01,-0.49876228,-0.77751684,-0.4410303988183538,-0.6778790192989012
1975-12-01,-0.50269336,-0.37274268,-0.44183413268377386,-0.6778301340527833
1976-01-01,-0.4470238,-0.16165392,-0.44490676155934733,-0.6803953848468761
1976-02-01,-0.5666736,-0.14964597,-0.4457664994522929,-0.6807066959328949
1976-03-01,-0.7695096,-0.60935426,-0.4487180762613813,-0.6827741128392517
1976-04-01,-0.6913666,-1.0697014,-0.45052527418981,-0.6815621606695156
1976-05-01,-0.8709639,-1.5574831,-0.44977884820352,-0.6788299910413722
1976-06-01,-0.62081206,-0.8072874,-0.44798231751968465,-0.6796053476321201
1976-07-01,-0.5864787,-0.85450596,-0.44403621684759853,-0.6740608950145542
1976-08-01,-0.7348961,-1.1610873,-0.4377041965102156,-0.6746381272251407
1976-09-01,-0.52834386,-0.9832551,-0.433008367754519,-0.6821780214086175
1976-10-01,-0.72400975,-1.5262241,-0.42825954301903646,-0.6794774263476332
1976-11-01,-0.35939083,-0.75101054,-0.42436865661293266,-0.6773665238792698
1976-12-01,-0.17433828,-0.0776527,-0.41724581066519023,-0.6723061362281442
1977-01-01,-0.18291807,0.49166045,-0.4128638753667474,-0.6749188362931212
1977-02-01,-0.262803,-0.61992913,-0.41163745913654565,-0.6812825540080667
1977-03-01,-0.2865284,-0.8752064,-0.40899342043946185,-0.6858422457550962
1977-04-01,-0.23408988,-0.6187413,-0.4022217283025384,-0.6813438186421991
1977-05-01,-0.21475282,-0.20302472,-0.3954584282512466,-0.6845419277126591
1977-06-01,-0.2473686,-0.3886774,-0.3896806440626582,-0.6805394102508823
1977-07-01,-0.31695864,-0.44651607,-0.3790054114535451,-0.6726563153788447
1977-08-01,-0.31708458,-0.40689385,-0.37221955191344025,-0.6597958483422796
1977-09-01,-0.36985046,-0.98195475,-0.3647668505397936,-0.6519888523345192
1977-10-01,-0.36647594,-0.896415,-0.35930260652676227,-0.645464099633197
1977-11-01,-0.0071439184,-0.3494682,-0.3519002194826802,-0.6351747487361232
1977-12-01,-0.09671156,-0.39769185,-0.34464937398831047,-0.6281739107643565
1978-01-01,-0.18052797,-0.37479392,-0.3370200878630082,-0.6195584547395507
1978-02-01,-0.24264438,-0.4086604,-0.32958854573468366,-0.6086470833048224
1978-03-01,-0.29133323,-0.465505,-0.3186447869986296,-0.5901331768060724
1978-04-01,-0.25373122,-0.4082373,-0.3102337383975585,-0.5769168720270197
1978-05-01,-0.28020298,-0.4550732,-0.3046508758018414,-0.5681085393453638
1978-06-01,-0.45794013,-0.670767,-0.2972558556124568,-0.5613315617665648
1978-07-01,-0.40395477,-0.6859042,-0.29059177382538715,-0.5593352040275932
1978-08-01,-0.64829326,-1.0664518,-0.2806930978472034,-0.5536282333855828
1978-09-01,-0.4898159,-0.89668095,-0.271470700778688,-0.5497496347253521
1978-10-01,-0.36949795,-0.6739011,-0.2574473801534623,-0.537356408747534
1978-11-01,-0.14317387,-0.26281023,-0.24662957050216694,-0.5231848839049538
1978-12-01,-0.06575596,-0.18513359,-0.23502315886629124,-0.5036996432269613
1979-01-01,-0.09559647,-0.058787677,-0.22695094677619637,-0.4952886971955498
1979-02-01,-0.46479768,-1.3712577,-0.221855438578253,-0.4858378040914734
1979-03-01,-0.25081727,-0.5727343,-0.21115376534871758,-0.46560215918968123
1979-04-01,-0.35694572,-0.9234649,-0.20660298250926037,-0.4592092024162412
1979-05-01,-0.2495254,-0.7995886,-0.20051044854335487,-0.4437760777150591
1979-06-01,-0.30321595,-1.0455819,-0.19697616058401762,-0.4369958079730471
1979-07-01,-0.45531684,-1.294228,-0.1919082674663514,-0.43275885861366986
1979-08-01,-0.30583864,-0.8292807,-0.19338301105114322,-0.44741329780469336
1979-09-01,-0.2631813,-0.8458696,-0.1936768470487247,-0.44320356181512277
1979-10-01,-0.11329372,-0.9468833,-0.19733908854735394,-0.44532280197987956
1979-11-01,-0.06742594,-0.48244482,-0.2021542880218476,-0.4545096897209684
1979-12-01,0.22474995,0.027104743,-0.20493261747372646,-0.4650399474427104
1980-01-01,0.067437254,0.22787887,-0.20811517022860546,-0.47238319646567106
1980-02-01,0.027976891,0.13616952,-0.20894185287567477,-0.47522379737347364
1980-03-01,-0.092338376,-0.07011848,-0.21282721393120785,-0.4862829802557826
1980-04-01,-0.018380357,-0.17960311,-0.21480721118859947,-0.4888748852536082
1980-05-01,0.020900015,-0.23817651,-0.21536080373140673,-0.48599882206569117
1980-06-01,-0.08404345,-0.28789604,-0.21955401476783057,-0.4847038460895419
1980-07-01,-0.057199284,-0.09226101,-0.21780177298933268,-0.4763171355550488
1980-08-01,-0.15889828,-0.28428254,-0.2134800545250376,-0.4705792596563697
1980-09-01,-0.19803841,-0.5491315,-0.20963499477754036,-0.46778326214601595
1980-10-01,-0.28044334,-0.50017667,-0.20604112452516954,-0.46180102570603293
1980-11-01,-0.05506107,-0.3708982,-0.20608920610199372,-0.4674385169520974
1980-12-01,-0.10284845,-0.25296122,-0.20431547593325378,-0.46705350472281376
1981-01-01,0.14689675,0.18076432,-0.20020205806940794,-0.46425880485524734
1981-02-01,-0.013329753,0.08306995,-0.19876418790469566,-0.46716077321519456
1981-03-01,0.071889624,0.1342393,-0.19140455704182385,-0.45719908469667037
1981-04-01,-0.042298034,-0.21940994,-0.18508538473397493,-0.4511547127738595
1981-05-01,-0.17457917,-0.38836864,-0.1846714851136009,-0.4553358872110645
1981-06-01,-0.13647933,-0.30263063,-0.18323980228354533,-0.4599386552348733
1981-07-01,-0.28074822,-0.28745237,-0.18458883420874675,-0.4612356977537274
1981-08-01,-0.09279573,0.05305142,-0.1854454074675838,-0.4580421476314465
1981-09-01,-0.2552969,-0.5996777,-0.18316494716952245,-0.4396883605668942
1981-10-01,-0.3584577,-0.60023665,-0.18255463931709529,-0.43802150326470535
1981-11-01,-0.14733355,-0.34419435,-0.18247383429358402,-0.43592580991486707
1981-12-01,0.1297353,0.17656426,-0.180118397064507,-0.4243755211432775
1982-01-01,-0.2714027,-0.3876059,-0.18186608621229727,-0.4202851851781209
1982-02-01,-0.28043315,-0.36734498,-0.18059772619356712,-0.4071951568126678
1982-03-01,-0.5062629,-1.0023608,-0.18066630779455106,-0.40208222568035124
1982-04-01,-0.52300185,-1.1699545,-0.1818728255107999,-0.3980809370676676
1982-05-01,-0.3814526,-0.8348402,-0.18475051565716663,-0.3906849205493927
1982-06-01,-0.43832177,-0.82927233,-0.18910380446662506,-0.39080332070589063
1982-07-01,-0.3665596,-0.6169521,-0.19961234324922164,-0.3951256639013688
1982-08-01,-0.55020624,-1.0704448,-0.20157197825610637,-0.3960725867499908
1982-09-01,-0.4886503,-1.137469,-0.20917162544404466,-0.40976685571173826
1982-10-01,-0.3996915,-0.7238512,-0.21294441580151519,-0.41882009406884513
1982-11-01,-0.25873658,-0.27176964,-0.21817405757804711,-0.42670381342371305
1982-12-01,0.008422946,0.105510786,-0.223254384038349,-0.4333917478720347
1983-01-01,0.07877514,-0.030521363,-0.22572746258229018,-0.43119636302193004
1983-02-01,-0.0119408,-0.24090056,-0.23155021226654451,-0.4418758853028218
1983-03-01,-0.07570101,-0.10657082,-0.23493172954767944,-0.44649152445296447
1983-04-01,-0.25661612,-0.7464868,-0.2389223809664448,-0.45118162023524444
1983-05-01,-0.17377917,-0.43197247,-0.24171540345996617,-0.45946991133193177
1983-06-01,-0.21113506,-0.503085,-0.24479232169687748,-0.4598970019569
1983-07-01,-0.31768256,-0.8600223,-0.2460360382994016,-0.4571305450052023
1983-08-01,-0.2067154,-0.46875048,-0.24994794527689615,-0.4634707613537709
1983-09-01,-0.11066555,-0.53401864,-0.2509517607434342,-0.463669661184152
1983-10-01,-0.34466398,-0.92477155,-0.25590408020652833,-0.4748485537866751
1983-11-01,-0.057272904,-0.5389763,-0.25839641415514053,-0.48190773352980615
1983-12-01,-0.14669788,-0.26295614,-0.2582270743791014,-0.48380353922645253
1984-01-01,-0.14699087,0.13282533,-0.26064030576186875,-0.48908019488056503
1984-02-01,-0.32797006,-0.27003044,-0.26035587140358984,-0.49121829941868783
1984-03-01,-0.2141988,-0.47272286,-0.26243960433639585,-0.4991056267172098
1984-04-01,-0.35209742,-0.7977233,-0.26280955645876625,-0.5033627017090718
1984-05-01,-0.108199164,-0.106571294,-0.26192578944998485,-0.5048278166602055
1984-06-01,-0.4080773,-0.8001618,-0.2634396433675041,-0.505088954543074
1984-07-01,-0.37921524,-0.50882626,-0.2684653354032586,-0.5115148774037759
1984-08-01,-0.30995354,-0.5225048,-0.2643882611300796,-0.5059157617390155
1984-09-01,-0.33557236,-0.6057923,-0.2605249770761778,-0.507334424306949
1984-10-01,-0.28595513,-0.5031223,-0.2567424315493554,-0.5029428335527579
1984-11-01,-0.32862327,-0.48954883,-0.25089813106072445,-0.49368932967384654
1984-12-01,-0.40576237,-0.23223585,-0.24633358786813914,-0.488655403504769
1985-01-01,-0.050140847,0.1710635,-0.23972337334416807,-0.4779950665930907
1985-02-01,-0.42800194,-0.6854866,-0.23300475417636335,-0.46838678990801175
1985-03-01,-0.3187058,-0.6133128,-0.22694953793349365,-0.4612279124557972
1985-04-01,-0.33215886,-0.6526263,-0.2209986002650112,-0.4568794883787632
1985-05-01,-0.28391957,-0.6394526,-0.2174385496880859,-0.45801200543840725
1985-06-01,-0.23242816,-0.15617295,-0.215370199472333,-0.4667096036175887
1985-07-01,-0.40656427,-0.73303235,-0.21262439709777634,-0.47163185899456345
1985-08-01,-0.36178932,-0.5612209,-0.21132407085970045,-0.4699973800530036
1985-09-01,-0.4374775,-0.83053726,-0.2119073560150961,-0.4675747785717249
1985-10-01,-0.4480247,-0.99747413,-0.21056018726279338,-0.4686637947956721
1985-11-01,-0.23967616,-0.39652362,-0.20637837916146964,-0.4604392727216085
1985-12-01,-0.17747144,-0.0869738,-0.20319579232018442,-0.4545668380955855
1986-01-01,-0.08781767,-0.19964866,-0.20062212597113102,-0.4459331674966961
1986-02-01,-0.07355868,0.07113596,-0.19691714285096776,-0.4350335874749968
1986-03-01,-0.22524954,-0.53649426,-0.19592661398928612,-0.42896174737252296
1986-04-01,-0.19183807,-0.6429607,-0.19645856495480984,-0.42701908994155624
1986-05-01,-0.16441879,-0.502117,-0.19397038271805891,-0.41974168219603597
1986-06-01,-0.28127322,-0.61923,-0.19767886910121887,-0.4200950741612663
1986-07-01,-0.26368216,-0.41573864,-0.1974550568886722,-0.419850376729543
1986-08-01,-0.2178197,-0.42018822,-0.20136709002933154,-0.43599538180666664
1986-09-01,-0.277494,-0.8551022,-0.1991062282351777,-0.4325302423754086
1986-10-01,-0.3054317,-0.68814355,-0.19999835678221037,-0.4292755506156633
1986-11-01,-0.23816478,-0.35986263,-0.1985534403550749,-0.42481080211388567
1986-12-01,-0.17180622,-0.20899111,-0.20236721250694245,-0.43393232082016764
1987-01-01,-0.02677823,-0.051658966,-0.20124444478036216,-0.4313329741824418
1987-02-01,-0.048636105,-0.45246473,-0.19808735041103015,-0.4279844334193816
1987-03-01,-0.27931017,-0.7388654,-0.19749027627985924,-0.4249202758539468
1987-04-01,-0.17234382,-0.6147443,-0.1956295183626935,-0.4187351552614321
1987-05-01,-0.10758,-0.5328046,-0.19476560218414912,-0.41935045798309145
1987-06-01,-0.041708898,-0.18965212,-0.19334354115805277,-0.42207572688348594
1987-07-01,0.036557555,-0.04045552,-0.18665172467008234,-0.41671337340958414
1987-08-01,-0.18689327,-0.6409122,-0.1861786466402312,-0.4140629289516558
1987-09-01,-0.13159403,-0.8765636,-0.18089443237210315,-0.4037239466328174
1987-10-01,-0.18608846,-0.7918022,-0.17265592257802684,-0.3903267641086131
1987-11-01,-0.13463557,-0.79362553,-0.1666060548275709,-0.37746301471876603
1987-12-01,0.17317109,-0.18982454,-0.16089629189421734,-0.3649618754008164
1988-01-01,0.15679471,0.06754737,-0.15840632958958548,-0.3651924092788249
1988-02-01,-0.04693791,-0.09554447,-0.15133457814032833,-0.3516423445660621
1988-03-01,0.005129112,-0.17191179,-0.14732136437669396,-0.3477581209658335
1988-04-01,-0.0057076295,-0.25301546,-0.14373699262117345,-0.34177395470129945
1988-05-01,0.017176036,-0.0796264,-0.13839107885335883,-0.3344127532560378
1988-06-01,-0.05671508,0.014935219,-0.13396833688020707,-0.33308751550503074
1988-07-01,-0.09538358,-0.2060475,-0.13113683283639452,-0.3351935043154905
1988-08-01,-0.14728367,-0.10444007,-0.1292839192940543,-0.3308804403214405
1988-09-01,-0.14258261,-0.4174592,-0.12781123608971637,-0.3318269566632807
1988-10-01,-0.19537304,-0.48812708,-0.1260876672031979,-0.32963269064202905
1988-11-01,-0.2797821,-0.5601798,-0.12357237013056874,-0.32668846109882
1988-12-01,-0.13326915,-0.2482743,-0.1216055052044491,-0.3195075190005203
1989-01-01,-0.38171285,-0.835875,-0.11531130438670516,-0.30759706618264315
1989-02-01,-0.19231835,-0.062122073,-0.11058701062574983,-0.29850550936535003
1989-03-01,-0.2677265,-0.27744135,-0.1076027797224621,-0.2928730770635108
1989-04-01,-0.26540244,-0.5298384,-0.10560294082388282,-0.28009193039809666
1989-05-01,-0.3370255,-0.6538624,-0.10492023866002759,-0.27854647831991314
1989-06-01,-0.34071124,-0.644201,-0.10479910612727204,-0.2797675996708373
1989-07-01,-0.18978958,-0.3079138,-0.10479610577846567,-0.27640055780454226
1989-08-01,-0.2741291,-0.33865535,-0.10545238008101782,-0.278936962558267
1989-09-01,-0.22392689,-0.23468505,-0.10733281380186478,-0.2753110637500261
1989-10-01,-0.23412016,-0.5400405,-0.10518805291503668,-0.26267394664852567
1989-11-01,-0.2432996,-0.65306497,-0.10767434891313314,-0.25836748076447597
1989-12-01,-0.004253385,0.08950536,-0.11051574169347683,-0.25695169312724225
1990-01-01,-0.021756165,0.33009017,-0.11437076181173325,-0.259494693010735
1990-02-01,-0.110949084,-0.065147676,-0.122512486577034,-0.26880007279881585
1990-03-01,0.17560479,0.19051817,-0.12791228517889977,-0.27222811970083666
1990-04-01,0.030833201,0.11919869,-0.13630989864468573,-0.273073292702126
1990-05-01,0.058666203,0.11061578,-0.14188522348801294,-0.2710446366962666
1990-06-01,-0.083030425,-0.17000498,-0.1498916064699491,-0.27026462349264574
1990-07-01,0.017740821,0.07997154,-0.15987085277835528,-0.2755067951278761
1990-08-01,-0.12099649,-0.32816747,-0.16818786064783733,-0.28324416434237115
1990-09-01,-0.2224152,-0.47148728,-0.17363468216111264,-0.28593098998535427
1990-10-01,-0.12726986,-0.55580205,-0.18015642591441672,-0.29620750998922935
1990-11-01,0.025688356,-0.31700936,-0.18711841071490198,-0.3038073873069758
1990-12-01,-0.0075812014,-0.21333313,-0.19436506004227946,-0.31418932309218994
1991-01-01,0.023357144,0.059135176,-0.20012832143499207,-0.3255207624984905
1991-02-01,0.014802312,0.01434498,-0.20594672084941218,-0.33274540523222335
1991-03-01,-0.12183541,-0.4048383,-0.2112978271751975,-0.34383244273097563
1991-04-01,-0.040920246,-0.46630695,-0.21864011184467624,-0.3537804509901131
1991-05-01,-0.04640689,-0.07126045,-0.22207886051231374,-0.35706787017018843
1991-06-01,0.09637883,0.0953972,-0.22625896057579667,-0.35993464099398503
1991-07-01,0.019775469,0.12975477,-0.22875834798905997,-0.3683355525834486
1991-08-01,-0.03876585,-0.08224228,-0.22740273471766462,-0.3622527520560349
1991-09-01,-0.15750368,-0.08823338,-0.2333255812137698,-0.37278674407086027
1991-10-01,-0.26446956,-0.5954164,-0.23552041794949521,-0.3809358518648272
1991-11-01,-0.23089683,-0.4331299,-0.2357653999933973,-0.3798874051698173
1991-12-01,-0.1716262,-0.0069685983,-0.23587583349241564,-0.38228026144982624
1992-01-01,-0.06615469,-0.20384325,-0.23517847305629402,-0.37664947224936135
1992-02-01,-0.16146213,-0.2349108,-0.23667528898610424,-0.37909109208267183
1992-03-01,-0.15062451,0.01936165,-0.23898336510950077,-0.38507312648774433
1992-04-01,-0.32152158,-0.35635635,-0.23967272734735162,-0.38990813134393343
1992-05-01,-0.27806357,-0.44785735,-0.24038892285122226,-0.38808652945638944
1992-06-01,-0.2730101,-0.3422321,-0.23869060770763706,-0.38429116893094034
1992-07-01,-0.45194593,-0.5987783,-0.2416097973783811,-0.39283055626632024
1992-08-01,-0.5108812,-0.846595,-0.24243590931097667,-0.4027991390554234
1992-09-01,-0.63545084,-0.927274,-0.23902648352086545,-0.397443038232935
1992-10-01,-0.52060795,-0.67008287,-0.24596534185111524,-0.409002714860253
1992-11-01,-0.61501855,-0.74682474,-0.24897118400161464,-0.4117449283056582
1992-12-01,-0.4255837,-0.50435483,-0.2531958624410133,-0.41946809721024086
1993-01-01,-0.34222576,-0.39669478,-0.2530581665225327,-0.42033724319965887
1993-02-01,-0.3737472,-0.256754,-0.25443376110245786,-0.42130093603239704
1993-03-01,-0.3861755,-0.788503,-0.2543774138515194,-0.42140655595964444
1993-04-01,-0.42342672,-0.7090081,-0.2535948202634851,-0.42279393353965133
1993-05-01,-0.41762292,-0.70254254,-0.2539275378609697,-0.415984578221105
1993-06-01,-0.40251076,-0.66495115,-0.2568511423033973,-0.4160109885424996
1993-07-01,-0.44448754,-0.63952607,-0.26144249459418156,-0.42232947030570356
1993-08-01,-0.46835005,-0.7696623,-0.26757710084008673,-0.4330136571467544
1993-09-01,-0.5831197,-1.0143397,-0.27076482710738975,-0.43607378005205344
1993-10-01,-0.40169796,-0.68537223,-0.2737651699533065,-0.43761854568341124
1993-11-01,-0.5305881,-0.7321861,-0.2794898381456733,-0.4336623375536874
1993-12-01,-0.2832324,-0.752329,-0.28510739815731845,-0.4447082643629983
1994-01-01,-0.30037606,-0.47090694,-0.29359193208316964,-0.45826158510365833
1994-02-01,-0.54768914,-0.6941616,-0.29884653830279906,-0.4669425374440228
1994-03-01,-0.39941671,-0.7663878,-0.3005299927045902,-0.4624907750558729
1994-04-01,-0.28010136,-0.46693158,-0.30311019060512384,-0.46925809916574507
1994-05-01,-0.3436515,-0.7974338,-0.306026599680384,-0.47319708900370944
1994-06-01,-0.2988696,-0.30635363,-0.30511611414452394,-0.46069765425442405
1994-07-01,-0.27959853,-0.454411,-0.3043032298485438,-0.46412716650714475
1994-08-01,-0.41261366,-0.6975774,-0.3081897055109342,-0.47412800807505845
1994-09-01,-0.26528862,-0.52478534,-0.31106843302647275,-0.48185962829738854
1994-10-01,-0.2770919,-0.43074438,-0.3091992545872927,-0.47820101358617345
1994-11-01,-0.1414007,-0.42534333,-0.3072333871076504,-0.47896654435123004
1994-12-01,-0.17940477,-0.42285788,-0.30489967452983063,-0.4765668062182764
1995-01-01,-0.07132288,-0.2680248,-0.3008406520510713,-0.47500142781063914
1995-02-01,0.09361646,0.25621837,-0.295305541343987,-0.47301320660238466
1995-03-01,-0.24072671,-0.5030624,-0.287350455361108,-0.4626855932486554
1995-04-01,-0.14951733,-0.04533412,-0.2768510043621063,-0.4500086208495001
1995-05-01,-0.1948145,-0.35277435,-0.26709652729332445,-0.44018871228521067
1995-06-01,-0.07476867,-0.22215374,-0.2551453199237585,-0.4254907150131961
1995-07-01,-0.06479485,0.022149967,-0.2454744213571151,-0.4187183893285692
1995-08-01,-0.117615655,-0.33450466,-0.2377176186690728,-0.4108429264587661
1995-09-01,-0.17545958,-0.55472994,-0.22712184054156145,-0.40651367454168696
1995-10-01,-0.14723292,-0.14724073,-0.2195481197287639,-0.39231377279696367
1995-11-01,-0.14972791,-0.31859398,-0.20903279148042203,-0.38161167413927616
1995-12-01,-0.28306234,-0.59244204,-0.19743678184847038,-0.36589557613867024
1996-01-01,-0.34471923,-0.58191603,-0.18584790540238222,-0.34576763000028826
1996-02-01,-0.17646126,-0.1692624,-0.17397660377124946,-0.3287159689857314
1996-03-01,-0.30185598,-0.49752423,-0.16217511408030988,-0.31087215528823436
1996-04-01,-0.38440034,-0.22893447,-0.15124160498380662,-0.29507195463714503
1996-05-01,-0.3834605,-0.73401606,-0.14547037879625957,-0.29041300327517094
1996-06-01,-0.4126932,-0.71780205,-0.13789244083066782,-0.27946616099216043
1996-07-01,-0.2955009,-0.39110237,-0.13254557096709807,-0.26937026566204925
1996-08-01,-0.13977312,0.18486346,-0.1295879974340399,-0.26461681982812785
1996-09-01,-0.31231555,-0.49427283,-0.11847311550130447,-0.25203290722953775
1996-10-01,-0.4394541,-0.8317558,-0.11517788786441088,-0.2423459506748865
1996-11-01,-0.1762677,0.31683618,-0.11307634680221477,-0.24074017074890436
1996-12-01,-0.12285314,-0.21273933,-0.10998535224546989,-0.23203474200951557
1997-01-01,-0.29934323,-0.80389374,-0.10729323867708444,-0.2286355541863789
1997-02-01,-0.33418578,-0.698808,-0.1047935539856553,-0.22281765160150827
1997-03-01,-0.038473807,0.23887853,-0.09975351834048828,-0.21019986593164502
1997-04-01,-0.20356953,-0.4022882,-0.09709300839652618,-0.2020256860026469
1997-05-01,-0.13804081,-0.30387306,-0.09474194267143805,-0.19688652882662913
1997-06-01,-0.029468756,-0.2483094,-0.09491471915195386,-0.1912493149905155
1997-07-01,-0.11983929,-0.47948503,-0.09354055828104417,-0.18662818327235678
1997-08-01,-0.033576027,-0.22693819,-0.096407885539035,-0.18894631817626456
1997-09-01,-0.00548378,-0.16665564,-0.09814914022572338,-0.1917297653077791
1997-10-01,0.064660676,-0.08088835,-0.0942760878863434,-0.17986031961627305
1997-11-01,0.102053896,0.1350551,-0.09105820658927162,-0.1794268842320889
1997-12-01,0.15467022,-0.09801529,-0.09030174789950252,-0.18047655927948653
1998-01-01,0.1231824,0.07583299,-0.09178253725791971,-0.1780273799629261
1998-02-01,0.2619995,0.003001104,-0.09314087495828668,-0.18021471287744742
1998-03-01,0.068247736,0.06349111,-0.09259528359398246,-0.17502697145876786
1998-04-01,0.20749298,-0.06688218,-0.09140263240163525,-0.16890654599604507
1998-05-01,0.27813765,0.24042334,-0.09315752675756812,-0.17073686158594986
1998-06-01,0.29282182,0.5427256,-0.09417371020341912,-0.16626709257252514
1998-07-01,0.26779056,0.3835736,-0.09188286578282714,-0.15840193919527035
1998-08-01,0.23973933,0.3009665,-0.08767744802559416,-0.15062675753918786
1998-09-01,0.072890855,-0.06632765,-0.08675952383006612,-0.14623474384037158
1998-10-01,-0.055424392,-0.40583515,-0.08122555827721953,-0.14277479355223477
1998-11-01,-0.07591181,-0.07537554,-0.07497329949401318,-0.14522752418803672
1998-12-01,0.0375798,-0.14657527,-0.06678606037360926,-0.13480767599927881
1999-01-01,-0.122921646,-0.1857002,-0.05968864595827957,-0.1227246452976639
1999-02-01,0.119203776,0.060873162,-0.052661657938733696,-0.11333774970068286
1999-03-01,-0.20170306,-0.18517043,-0.04738614421027402,-0.11649535412434489
1999-04-01,-0.1540089,-0.3705848,-0.04019504312115411,-0.10474087138815473
1999-05-01,-0.15819183,-0.27510807,-0.031107667942220966,-0.09055499610646317
1999-06-01,-0.1373428,-0.10240236,-0.02444832584199806,-0.0915252141887322
1999-07-01,-0.12961745,-0.105336845,-0.01945231555340191,-0.08106934629225483
1999-08-01,-0.11021152,0.059489723,-0.01069646873511374,-0.06178453666313241
1999-09-01,-0.105658025,-0.034334544,-0.002213266724720597,-0.052692740433849396
1999-10-01,-0.13602795,-0.12239495,0.004135352512821555,-0.0436811139419054
1999-11-01,-0.15176728,-0.087110505,0.008921241154894233,-0.03567007968667894
1999-12-01,-0.09695511,-0.14558998,0.01554276286624372,-0.01921194086316973
2000-01-01,-0.24336252,-0.4071129,0.0189185938021789,-0.011436727790472409
2000-02-01,-0.010858818,0.089211546,0.0243880157203724,0.002938578378719588
2000-03-01,-0.008343569,0.20910431,0.02718713179541131,0.011900571337901057
2000-04-01,0.04355555,-0.019327996,0.030872792021060982,0.022230879566632212
2000-05-01,-0.14942698,-0.41575485,0.030914821987971665,0.028727177258891363
2000-06-01,-0.16361603,-0.07520298,0.03108524358831346,0.026187960500828923
2000-07-01,-0.14629512,-0.10909001,0.02942724241875112,0.030033586864980557
2000-08-01,-0.08488017,-0.023240179,0.03199703781865537,0.03565224105647455
2000-09-01,-0.10390051,-0.18750441,0.027833412944649655,0.03254482003394514
2000-10-01,-0.25252658,-0.25705966,0.026141368706400197,0.030275113407212
2000-11-01,-0.21069892,-0.050407838,0.02367202190992733,0.03505854410274575
2000-12-01,-0.14561167,-0.12053283,0.021264297251279155,0.03520745066149781
2001-01-01,-0.092394166,-0.115405135,0.016707345734660824,0.02470020641727994
2001-02-01,-0.12138581,0.09425843,0.014799648911381762,0.021311179199256004
2001-03-01,0.030181952,-0.2899272,0.015272835285092394,0.0241374526405707
2001-04-01,-0.009264811,-0.3760983,0.019219801590467493,0.03327583188656717
2001-05-01,0.107773855,-0.10882517,0.02518938706877331,0.04606941853805135
2001-06-01,0.013151662,0.0071797944,0.02834146930836141,0.048925355969307326
2001-07-01,0.12611838,0.17211136,0.032678563597922525,0.05946812917633603
2001-08-01,0.17675771,-0.0045928024,0.03682093342455725,0.06682857240084558
2001-09-01,0.11915051,0.21099614,0.037381470653538904,0.06888445785734802
2001-10-01,0.1057884,0.0193967,0.04307582423401376,0.07384577886356662
2001-11-01,0.22329283,0.2586231,0.04776007702263693,0.08654479181859642
2001-12-01,0.17690748,0.41461274,0.0493483807425946,0.09115342786923672
2002-01-01,0.22600758,0.35319483,0.051665739806291335,0.09338207012430454
2002-02-01,0.17480634,-0.15330024,0.0517636389452188,0.0891877096495591
2002-03-01,0.34244335,0.7795761,0.05301818055838036,0.08669543996220455
2002-04-01,0.08358379,0.07837386,0.057195442447361224,0.09207772851999228
2002-05-01,0.2592505,0.68361527,0.06231287149518418,0.09705885143096869
2002-06-01,0.1730811,0.21820338,0.06801559679637043,0.09703233791903282
2002-07-01,0.20832603,0.38303334,0.0700648280151654,0.10216507021104917
2002-08-01,0.13437094,0.3107814,0.07906931163549112,0.1230931818834506
2002-09-01,0.21565583,0.45316285,0.08236711467422235,0.1309416092039707
2002-10-01,0.067182474,0.3088895,0.08686323594107913,0.1340992077292564
2002-11-01,0.11227919,-0.01729791,0.09080193880751418,0.14039215582500522
2002-12-01,0.055190153,0.13272229,0.09817280688439496,0.15715253688783073
2003-01-01,0.27737013,0.41295224,0.10579476821973609,0.16883854866415884
2003-02-01,0.012181995,-0.18344416,0.11264513426576742,0.17765819790850704
2003-03-01,-0.03327492,-0.072691284,0.11764178940211423,0.18375040702909853
2003-04-01,0.05933217,0.22012366,0.12460728976681518,0.19507922642321016
2003-05-01,0.13367417,0.24935773,0.1351111679628957,0.21080828967581813
2003-06-01,0.019404734,-0.08770903,0.14356501518244233,0.21829420607925082
2003-07-01,0.15332875,0.18023196,0.15099825082773652,0.23348786651234452
2003-08-01,0.2681305,0.4705429,0.15409228596642302,0.24583215124051397
2003-09-01,0.30970883,0.4819751,0.16046857579106774,0.25041583435377107
2003-10-01,0.30275074,0.36178005,0.16392670801336257,0.26385590540012344
2003-11-01,0.11321312,0.095980704,0.16637069239707974,0.2784796760145885
2003-12-01,0.29780546,0.48599112,0.16680526539178875,0.2839208003793222
2004-01-01,0.12562054,0.2559264,0.17017748704917418,0.2878889938001521
2004-02-01,0.15283601,0.18422629,0.17026842511064993,0.2843286956155983
2004-03-01,0.13995816,0.11250883,0.1713981529212712,0.29180046609835697
2004-04-01,0.12704627,0.391356,0.17382588052617695,0.2945808352708506
2004-05-01,-0.06289361,0.0014100939,0.17766348249084937,0.3016782105395881
2004-06-01,0.0016987481,0.031316176,0.17812051501241513,0.30477795356806986
2004-07-01,-0.123743504,-0.35699847,0.18063709811734346,0.2997848369608012
2004-08-01,-0.034939025,-0.09004646,0.18459250158436286,0.3034055310417898
2004-09-01,0.14497769,0.28860277,0.18540007001526343,0.31117603385743375
2004-10-01,0.1710178,0.17647243,0.18216640379396268,0.30173902565535776
2004-11-01,0.19039623,-0.088701315,0.18658664327231236,0.3115253373165615
2004-12-01,0.02599876,0.16237396,0.18736520112919,0.3087657694200364
2005-01-01,0.2969065,0.8485738,0.18820421697067408,0.3145504247824041
2005-02-01,0.18700936,0.5601172,0.18861251276102847,0.31635470854040854
2005-03-01,0.2614237,0.39856023,0.18967361749576714,0.3167836508830078
2005-04-01,0.27987772,0.3582489,0.18815795457727896,0.3142750870863286
2005-05-01,0.2928251,0.589868,0.19113174442318268,0.32100654757814484
2005-06-01,0.29370165,0.6259577,0.1920929259445984,0.32648840044857935
2005-07-01,0.26472685,0.42008895,0.19125294042557167,0.32739893341980253
2005-08-01,0.21491913,0.34229237,0.18248948134908763,0.31206420505962645
2005-09-01,0.3140295,0.49222475,0.17872422840252208,0.3120687814545818
2005-10-01,0.3777061,0.68668413,0.1824657478039929,0.3163065585734633
2005-11-01,0.29653192,0.39874715,0.1833872378473946,0.3208389600855298
2005-12-01,0.30038247,0.7910868,0.18298678292388407,0.3210459764542369
2006-01-01,0.09324794,0.62525195,0.1835460048459936,0.3217901153606363
2006-02-01,0.26119158,0.3692794,0.1841693710826803,0.32470063798051946
2006-03-01,0.23766989,0.51647705,0.18170346198409484,0.3180257427933005
2006-04-01,0.13737425,0.50132793,0.17989425066043624,0.31925358903827145
2006-05-01,0.13384824,0.21764229,0.17928660663892515,0.318316920423725
2006-06-01,0.21548496,0.2452714,0.1812321688029139,0.321128086571116
2006-07-01,0.13157466,-0.04150653,0.17785459635585235,0.31651420178435125
2006-08-01,0.24454138,0.44371343,0.17904714994559376,0.3202892709018973
2006-09-01,0.26481417,0.3778183,0.1785546126756041,0.31851437223376705
2006-10-01,0.33604452,0.44523922,0.17714414214521337,0.3175331388406145
2006-11-01,0.25071478,0.44460768,0.17710117501943992,0.31068639893007155
2006-12-01,0.32790247,0.115025744,0.18167072400877562,0.3222336053227385
2007-01-01,0.4633318,0.5704365,0.18450866877101363,0.32583282558868326
2007-02-01,0.22326045,0.31292993,0.1917267992005994,0.34097751695662737
2007-03-01,0.14842337,0.21335563,0.19559985742283365,0.34647179748862983
2007-04-01,0.34879816,0.66555256,0.1982028409373015,0.3489019965752959
2007-05-01,0.30596396,0.5180412,0.20013096675587197,0.35697748021533093
2007-06-01,0.22342205,0.5652827,0.20143124928387504,0.3656131095563372
2007-07-01,0.23282377,0.49129036,0.20461252718232573,0.36917964785049356
2007-08-01,0.19803722,0.33651793,0.20474841832183302,0.35931833504388727
2007-09-01,0.12471606,0.30264902,0.20688711592617134,0.35917666970441736
2007-10-01,0.24560986,0.71277714,0.20932231683594485,0.3645603539422154
2007-11-01,0.16995008,0.31161326,0.21200069774252672,0.37226372777173916
2007-12-01,0.0047910223,0.18735427,0.21278984039090573,0.3749837281182408
2008-01-01,-0.24843742,-0.50713146,0.21186482547782362,0.3684106749172012
2008-02-01,-0.21373318,-0.18316957,0.20997410976948838,0.3628667716557781
2008-03-01,0.19121625,0.18157534,0.20901695479017993,0.3624380960439642
2008-04-01,0.11462157,0.49206775,0.20838186282974977,0.36191713406393927
2008-05-01,0.10964688,0.2617787,0.2065996769970904,0.35962187840292853
2008-06-01,0.05295805,-0.043060698,0.20708223371766507,0.35829976641883454
2008-07-01,0.19073072,0.35486332,0.20232710198809703,0.3472435496126612
2008-08-01,0.120175965,0.0700492,0.20056071523576974,0.3412820435439547
2008-09-01,0.20115615,0.5556459,0.19481248936305443,0.33882582280784845
2008-10-01,0.2662921,0.30557993,0.1923526206985116,0.33798325651635724
2008-11-01,0.22994685,0.26465067,0.19236972151945034,0.3375248818968733
2008-12-01,0.09515111,0.20915803,0.19155741290499767,0.33861864724506935
2009-01-01,0.19717376,0.48243055,0.1916607986514767,0.34161697470893465
2009-02-01,0.12328377,0.07773237,0.19471737947314977,0.3560035699978471
2009-03-01,0.055329926,0.05363483,0.19455431085079908,0.36054978910833596
2009-04-01,0.124468245,-0.019448403,0.19418303401519854,0.3600042377288143
2009-05-01,0.21127933,0.6942425,0.19271437358111143,0.36217417909453314
2009-06-01,0.17197543,0.24726939,0.18918083092818658,0.35877905084441103
2009-07-01,0.30934432,0.551683,0.1845091378937165,0.3611425436412295
2009-08-01,0.19744447,0.23961037,0.17473509013652802,0.35268189789106447
2009-09-01,0.3011567,0.4344147,0.16906730060776073,0.35204473019888005
2009-10-01,0.28670534,0.66100144,0.16591720413416625,0.35264856374512116
2009-11-01,0.2684132,0.42943645,0.1647900306309263,0.3479009315992395
2009-12-01,0.21687543,0.37636626,0.16532696367551883,0.3491070703292886
2010-01-01,0.30505997,0.25689504,0.16597096305340528,0.3465645035728812
2010-02-01,0.31533122,0.55161726,0.16582071986049413,0.3425020538891355
2010-03-01,0.40753576,0.7215813,0.16729391943663358,0.3428259326145053
2010-04-01,0.44058058,0.8204513,0.17093206600596508,0.34872081310798725
2010-05-01,0.34017366,0.75306803,0.17399461697787047,0.34930690061300995
2010-06-01,0.23820075,0.23157454,0.17733095940202476,0.35532569320251545
2010-07-01,0.1512839,0.08745475,0.17813014827358226,0.35377200550089277
2010-08-01,0.15748984,0.31657183,0.18631811109371482,0.3703557188933094
2010-09-01,0.275924,0.46096703,0.19156222782718638,0.3692104305451115
2010-10-01,0.27077496,0.5489688,0.19183418842342992,0.374120288901031
2010-11-01,0.32548532,0.31942043,0.19338037599809468,0.37373562486221396
2010-12-01,0.015074561,0.12771378,0.19532489669509231,0.3705689939980706
2011-01-01,-0.0127352625,0.26756158,0.1997278305857132,0.38065243357171613
2011-02-01,-0.083701976,0.22190617,0.19846382369287313,0.3775156246498227
2011-03-01,0.090077765,0.46592307,0.20078336861915885,0.38588025389860076
2011-04-01,0.1384003,0.47382545,0.20345493646649024,0.3914365492140253
2011-05-01,0.08510972,0.2832682,0.2030860773442934,0.39184276579568783
2011-06-01,0.2216881,0.42517105,0.20427621222722034,0.393217436162134
2011-07-01,0.3149695,0.8216892,0.2060472159801672,0.39772824266304574
2011-08-01,0.23475726,0.7164866,0.20646898639388384,0.3963887852306167
2011-09-01,0.24253756,0.3450852,0.2045537028927356,0.40001446747531494
2011-10-01,0.2479249,0.5754357,0.20791938682086766,0.4088016483311852
2011-11-01,0.03870222,0.24089998,0.21084710525659223,0.4174952182918787
2011-12-01,0.047600884,0.2568353,0.21372304029452305,0.4166150146474441
2012-01-01,-0.12311108,0.06279773,0.2141639358519266,0.4148060447225968
2012-02-01,-0.116806924,0.27469987,0.2127097280540814,0.4067805162320534
2012-03-01,-0.040582415,0.24958564,0.21468736248401304,0.4096935189018647
2012-04-01,0.28116775,0.38069463,0.21559981273797652,0.4139545004814863
2012-05-01,0.33817995,0.5904095,0.2172563996631652,0.4124182761957248
2012-06-01,0.262062,0.4127287,0.21628688988275827,0.408600273852547
2012-07-01,0.22380918,0.24754338,0.21717729237861932,0.40763908438384533
2012-08-01,0.2864292,0.35595065,0.21599283632822336,0.4073748887826999
2012-09-01,0.34300485,0.65634185,0.21555221991923948,0.4056213241070509
2012-10-01,0.42936292,0.7479424,0.21429661728131275,0.4033291420588891
2012-11-01,0.37013063,0.6727408,0.21093058330006897,0.3983278355250756
2012-12-01,0.052742355,0.094133005,0.21100879800505937,0.3891224718342225
2013-01-01,0.24284035,0.48789135,0.2115945517240713,0.3881737444549799
2013-02-01,0.10091382,-0.25188687,0.21308503441202145,0.3883439742028713
2013-03-01,0.20753388,0.47616684,0.21706224175480504,0.3887887013455232
2013-04-01,0.20739283,0.4689879,0.22055094234334927,0.3868921535710494
2013-05-01,0.22631812,0.07178086,0.22723121237941085,0.3956239598492781
2013-06-01,0.31713408,0.5619457,0.23209476314174632,0.40418325886130335
2013-07-01,0.11489031,0.16665478,0.24317031229535738,0.41544340004523594
2013-08-01,0.25934866,0.57192695,0.2548416937390963,0.43147859076658884
2013-09-01,0.36145023,0.8890236,0.27062966786324977,0.4510786545773347
2013-10-01,0.24416055,0.32995293,0.2829298670093218,0.46350068574150405
2013-11-01,0.30135494,0.3471309,0.29238601103425027,0.4714872958759467
2013-12-01,0.20141134,0.47980642,0.2999745156615973,0.48116531694928805
2014-01-01,0.22247998,0.4020631,0.30358282613257564,0.48081737086176873
2014-02-01,0.008366764,0.2952733,0.30650284675260386,0.4752434549232324
2014-03-01,0.25727096,0.5808657,0.3112129386514425,0.4772758123775323
2014-04-01,0.30013135,0.5021658,0.31701796216269335,0.48517747993270555
2014-05-01,0.38383543,0.64143026,0.3216206680983305,0.4940890508393447
2014-06-01,0.19842917,0.1387312,0.3306948062032461,0.5143872586389383
2014-07-01,0.22209185,0.0701513,0.33739819259693227,0.526389047751824
2014-08-01,0.31610253,0.41439053,0.3479503089562058,0.5417426756272713
2014-09-01,0.3559037,0.6900736,0.3598123892520865,0.5555462123205265
2014-10-01,0.38610056,0.568828,0.37068429328501223,0.5690265415857235
2014-11-01,0.2102426,0.2003563,0.3728321605672439,0.5741523552685976
2014-12-01,0.27029958,0.3186949,0.3750257431219021,0.5745701599866152
2015-01-01,0.2339926,0.2410433,0.3758361492305994,0.5689624312023321
2015-02-01,0.28889424,0.44640338,0.3783610342691342,0.5698415771126747
2015-03-01,0.3321996,0.58405036,0.3807071918000778,0.5692377179861069
2015-04-01,0.23861854,0.5203729,0.3822052487482627,0.5660660748680433
2015-05-01,0.34486654,0.20074621,0.382999462261796,0.5682007427016894
2015-06-01,0.27334598,0.1746509,0.38277534283697606,0.5682241414984067
2015-07-01,0.24071287,0.097668536,0.3883348007996877,0.5788910128176212
2015-08-01,0.39612228,0.34325546,0.38854343195756275,0.5815723540882269
2015-09-01,0.48524603,0.34717417,0.3919122114777565,0.6030825344224771
2015-10-01,0.67159116,1.0728772,0.3947241780658563,0.6052168356875579
2015-11-01,0.61729836,0.83297837,0.39873341073592505,0.6104640088975429
2015-12-01,0.6796075,0.80332226,0.4008947292963664,0.6222350103159745
2016-01-01,0.6875476,1.229673,0.4002360299229622,0.6217335981627305
2016-02-01,0.8635765,1.39791,0.40395445823669435,0.6251073529322942
2016-03-01,0.8280897,1.211245,0.4043683787186941,0.6242753158013026
2016-04-01,0.70576894,0.95302206,0.4035514349738757,0.6146337186296781
2016-05-01,0.54042,0.8639495,0.40619189515709875,0.623816254734993
2016-06-01,0.43818673,0.40429428,0.4058339037001133,0.6232534736394882
2016-07-01,0.49017075,0.48725423,0.4082198453446229,0.6240283300479254
2016-08-01,0.5173628,0.838428,0.40985405296087263,0.6186826383074124
2016-09-01,0.59083897,0.81918526,0.4165705700715383,0.6257122283180555
2016-10-01,0.52408725,1.11013,0.42273874829212826,0.6325154627362887
2016-11-01,0.5831505,1.4587924,0.4271712223688761,0.6394630069533984
2016-12-01,0.44980407,0.97694266,0.42874928265810014,0.644355424741904
2017-01-01,0.5100159,0.9840154,0.43248605728149414,0.649888185908397
2017-02-01,0.5949179,1.1029121,0.4362559974193573,0.6590430257221063
2017-03-01,0.6117318,1.0584054,0.438962510228157,0.6639846237997215
2017-04-01,0.41003978,0.68824345,0.44194948524236677,0.6644864253699779
2017-05-01,0.4697949,0.6154778,0.44518248637517294,0.6696087809900443
2017-06-01,0.31068638,0.07626497,0.45020507524410885,0.6783668709297975
2017-07-01,0.37530228,0.30029213,0.4562358240286509,0.6874594055116177
2017-08-01,0.42719865,0.3197191,0.46194920788208643,0.6918669032553831
2017-09-01,0.43288827,0.46604326,0.4667855128645897,0.6961941080788772
2017-10-01,0.47701573,0.87602246,0.467947356402874,0.691504817456007
2017-11-01,0.35668346,0.67414474,0.4718294806778431,0.7005597236255805
2017-12-01,0.38630983,0.7341453,0.4728566609323025,0.7111023960014184
2018-01-01,0.25535822,0.6487718,0.47316583767533305,0.7180213222901026
2018-02-01,0.3030406,1.038724,0.47398692766825357,0.7259112565467755
2018-03-01,0.37625188,0.6042249,0.4713422074913979,0.7251754913479089
2018-04-01,0.4479468,0.7838183,0.4710191711783409,0.7314038012176752
2018-05-01,0.35599723,0.77804095,0.4662083591024081,0.7246684694041808
2018-06-01,0.27761212,0.53186095,0.46455536435047784,0.7293762469043334
2018-07-01,0.337996,0.36908007,0.4567460171878338,0.7245366080353658
2018-08-01,0.2841839,0.5220047,0.4482907215754191,0.7101755409191052
2018-09-01,0.3124336,0.31052777,0.43480518435438475,0.6926004229734342
2018-10-01,0.40258816,0.8809051,0.42429463838537534,0.6799248838176329
2018-11-01,0.27987546,0.31336403,0.41651500860850016,0.6708527335276206
2018-12-01,0.34456784,0.5262978,0.4129516795277596,0.6666900991151731
2019-01-01,0.32053244,0.0813216,0.40760604267319045,0.6605173400913675
2019-02-01,0.4113578,0.7170487,0.40429015482465425,0.6600239094967644
2019-03-01,0.62736166,0.98905975,0.40097944115599,0.6526127633328239
2019-04-01,0.5660798,0.91901845,0.39959265664219856,0.65242549944669
2019-05-01,0.47851905,0.9349753,0.4002157437304656,0.6509703315173586
2019-06-01,0.42263564,0.47069687,0.3985988033314546,0.6412067469830315
2019-07-01,0.44828826,0.6194417,0.3986386887729168,0.6397930162027479
2019-08-01,0.4784933,0.7108864,0.3961464869479338,0.6376723534738024
2019-09-01,0.5351222,0.7201817,0.39171542003750803,0.6381076422209541
2019-10-01,0.5800806,0.8761693,0.38989301497737566,0.6408207304154833
2019-11-01,0.51159793,0.7258417,0.3891298351188501,0.6383051213497917
2019-12-01,0.6321445,0.86424696,0.3862932942807674,0.6373719112947583
2020-01-01,0.57679564,0.50549316,0.38635104869802794,0.6481604415302475
2020-02-01,0.57907254,0.7060357,0.3857864168783029,0.6514015747234225
2020-03-01,0.40191022,0.30269292,0.38452725236614543,0.6570971854651968
2020-04-01,0.471546,1.0636673,0.38621659005681674,0.6612938794617852
2020-05-01,0.40649736,0.83330655,0.38870999241868653,0.6664251857126753
2020-06-01,0.29189658,0.58978647,0.38955897266666095,0.6635644170766075
2020-07-01,0.28997827,0.5710646,0.39090810939669607,0.6650216840828459
2020-08-01,0.23743907,0.29910955,0.39314555302262305,0.662771831266582
2020-09-01,0.46586385,0.72087276,0.3959484222034613,0.6571271164342761
2020-10-01,0.38294244,0.66875726,0.40165612027049064,0.6639677646880349
2020-11-01,0.5181187,1.115445,0.4013061337172985,0.6619014385466774
2020-12-01,0.21104668,0.5129439,0.4026969420413176,0.6527627155805628
2021-01-01,0.18022989,0.368009,0.4068825515607993,0.6524093981211384
2021-02-01,0.05444424,0.34340292,0.41340043569604557,0.6570611263935765
2021-03-01,0.19745696,0.4507126,0.41965131436785064,0.6576903537536661
2021-04-01,0.23899116,0.40869305,0.43015248452623683,0.6756463071331382
2021-05-01,0.32662025,0.6141914,0.43783384387691815,0.6789317578698199
2021-06-01,0.11744852,0.03392874,0.4490428609152635,0.693651138804853
2021-07-01,0.29121748,0.4576484,0.45893082246184347,0.7075130175178249
2021-08-01,0.31871995,0.39375925,0.4662875475982825,0.7216170371199647
2021-09-01,0.5076319,0.8079494,0.47332432443896927,0.7321599633122484
2021-10-01,0.5614725,1.0228199,0.47595453436175983,0.732660355232656
2021-11-01,0.48613408,0.8729774,0.4784008073310057,0.7270978063965837
2021-12-01,0.4521972,0.8921188,0.48151006624102594,0.7251341641570132
2022-01-01,0.3604838,0.85677564,0.48510377580920855,0.7281377365812659
2022-02-01,0.32905388,1.1290294,0.48868958428502085,0.7303405891483029
2022-03-01,0.5023875,1.2211907,0.4930403602619966,0.7371143897995353
2022-04-01,0.364249,0.5373069,0.49641635939478873,0.7403747767830888
2022-05-01,0.29960245,0.5594852,0.5005756390591463,0.7512740900740027
2022-06-01,0.31415164,0.7235768,0.5058854512870312,0.7614354889219006
2022-07-01,0.34142438,0.49476013,0.508837157736222,0.7701025526349743
2022-08-01,0.35164878,0.66145575,0.5127051435410976,0.7838703871394197
2022-09-01,0.53424853,0.7178449,0.5132918022572994,0.7971853803222378
2022-10-01,0.6266199,1.1839008,0.5186197387675444,0.8119948174183568
2022-11-01,0.40762228,0.5024986,0.5216766623159249,0.8106607095027963
2022-12-01,0.46725804,0.8215813,0.5234781829019387,0.8087104882424077
2023-01-01,0.38960484,0.51378065,0.5264159299433231,0.8069417462373774
2023-02-01,0.47121274,0.70004106,0.5283732774357001,0.8024722859884302
2023-03-01,0.71871376,1.0146638,0.5320111545423667,0.8103503138447802
2023-04-01,0.4269476,0.65983874,0.5363501735031605,0.8176059097672502
2023-05-01,0.43944573,0.22971757,0.5436606315275033,0.8331266701842348
2023-06-01,0.5287487,0.5106619,0.546833356966575,0.8324621558810273
2023-07-01,0.72906905,0.64818376,0.5531746298074722,0.8402634035175045
2023-08-01,0.6592366,0.55975837,,
2023-09-01,0.9425038,1.387885,,
2023-10-01,0.8634697,1.0780321,,
2023-11-01,0.9524165,1.1965269,,
2023-12-01,0.9378455,1.3580105,,
2024-01-01,0.76193595,0.9275628,,
2024-02-01,0.8335644,1.3496243,,
2024-03-01,0.78517425,1.0190833,,
2024-04-01,0.7128562,0.5852655,,
2024-05-01,0.6650746,0.8171568,,
2024-06-01,0.6382582,0.6509112,,
2024-07-01,0.6634368,0.75161284,,
2024-08-01,0.73953986,1.1173145,,
2024-09-01,0.73768216,0.9158049,,
2024-10-01,0.8296374,1.5301281,,
2024-11-01,0.83018667,1.3355256,,
2024-12-01,0.8092469,1.3842708,,
2025-01-01,0.8088748,1.3315632,,
2025-02-01,0.61427206,1.5049353,,
2025-03-01,0.7215864,1.1912591,,
2025-04-01,0.6549614,0.9836208,,
2025-05-01,0.5145886,0.7162933,,
2025-06-01,0.4681614,0.48366195,,
2025-07-01,0.40741912,0.30289698,,
2025-08-01,0.4557117,0.7717912,,
2025-09-01,0.726205,1.1562085,,
2025-10-01,0.8215699,1.6000029,,
2025-11-01,0.7084822,1.0755742,,
2025-12-01,0.59152305,0.9810188,,
